 Nom  de  l'hôtel , Localisation , Nombre  des  étoiles  d’hôtel , Prix , Nombre  d'utilisateur , Excellent , Très  bon , Moyen , Médiocre , Horrible , servies  proposer , classe 
Hôtel La Manufacture,"8 rue Philippe de Champagne | 13th Arr., 75013 Paris, France",3,120,1954,49,42,7,1,0,"Wi-Fi gratuit, Buffet petit déjeuner, Climatisation, Hôtel non-fumeur, Bar/lounge, Concierge, Accès personnes handicapés, Tous les détails de l'hôtel, ",3
Hotel Darcet,"4 rue Darcet | 17 Arr., 75017 Paris, France",2,80,852,69,25,4,1,0,"Wi-Fi gratuit, Parking, Climatisation, Hôtel non-fumeur, Chambres familiales, Concierge, Service de ménage, Tous les détails de l'hôtel, ",2
Novotel Paris Centre Gare Montparnasse,"17 rue du Cotentin, 75015 Paris, France",4,206,2158,29,51,15,4,0,"Wi-Fi gratuit, Parking, Buffet petit déjeuner, Climatisation, Hôtel non-fumeur, Restaurant, Service d'étage, Tous les détails de l'hôtel, ",3
Holiday Inn Express Paris-Canal de la Villette,"68 Quai De La Seine | 19 Arr., 75019 Paris, France",3,106,1288,36,46,12,3,0,"Wi-Fi gratuit, Parking, Petit déjeuner inclus, Climatisation, Hôtel non-fumeur, Restaurant, Chambres familiales, Tous les détails de l'hôtel, ",2
Fred Hotel,"11 AVENUE VILLEMAIN | 14th Arr., 75014 Paris, France",3,178,873,50,42,6,1,0,"Wi-Fi gratuit, Parking, Buffet petit déjeuner, Climatisation, Hôtel non-fumeur, Suites, Bar/lounge, Tous les détails de l'hôtel, ",3
Ibis Styles Paris Massena Olympiades,"82-84, rue Regnault | 13ème Arr., 75013 Paris, France",3,104,520,35,51,11,2,0,"Wi-Fi gratuit, Petit déjeuner inclus, Climatisation, Hôtel non-fumeur, Chambres familiales, Concierge, Animaux autorisés, Tous les détails de l'hôtel, ",2
Novotel Paris Gare de Lyon,"2 Rue Hector Malot, 75012 Paris, France",4,169,3258,31,50,13,0,0,"Wi-Fi gratuit, Parking, Buffet petit déjeuner, Climatisation, Piscine, Hôtel non-fumeur, Restaurant, Tous les détails de l'hôtel, ",3
Hôtel Eiffel Blomet,"78 rue Blomet, 75015 Paris, France",4,177,576,80,15,3,1,0,"Wi-Fi gratuit, Buffet petit déjeuner, Climatisation, Piscine, Hôtel non-fumeur, Service d'étage, Suites, Tous les détails de l'hôtel, ",3
Hotel de L'Union,"65 rue des Pyrenees, 75020 Paris, France",0,68,190,35,46,15,2,0,"Wi-Fi gratuit, Parking gratuit, Piscine, Hôtel non-fumeur, Restaurant, Chambres familiales, Centre de remise en forme, Tous les détails de l'hôtel, ",1
CitizenM Paris Gare de Lyon,"8 rue Van Gogh, 75012 Paris, France",4,123,1452,58,29,7,3,0,"Wi-Fi gratuit, Buffet petit déjeuner, Climatisation, Hôtel non-fumeur, Restaurant, Bar sur le toit, Personnel multilingue, Tous les détails de l'hôtel, ",3
Hotel Molitor Paris - MGallery Collection,"13 Rue Nungesser Et Coli, 75016 Paris, France",5,260,1335,63,22,9,4,0,"Wi-Fi gratuit, Buffet petit déjeuner, Climatisation, Piscine, Hôtel non-fumeur, Restaurant, Service d'étage, Tous les détails de l'hôtel, ",3
Pullman Paris Tour Eiffel,"18 Avenue de Suffren | Entrée au 22 Rue Jean Rey, 75015 Paris, France",4,378,2876,50,29,11,5,0,"Wi-Fi gratuit, Parking, Buffet petit déjeuner, Climatisation, Hôtel non-fumeur, Restaurant, Service d'étage, Tous les détails de l'hôtel, ",3
Hôtel des Arts - Montmartre,"5 rue Tholoze, 75018 Paris, France",3,157,3102,59,33,5,1,2,"Wi-Fi gratuit, Buffet petit déjeuner, Hôtel non-fumeur, Navette aéroport, Concierge, Service de ménage, Parking gratuit, Tous les détails de l'hôtel, ",3
Hôtel L'interlude,"258 avenue Daumesnil, 75012 Paris, France",3,74,514,35,51,10,3,0,"Wi-Fi gratuit, Buffet petit déjeuner, Climatisation, Chambres non-fumeurs, Concierge, Animaux autorisés, Accès personnes handicapés, Tous les détails de l'hôtel, ",1
Hôtel Virgina,"66 rue du Pere Corentin, 75014 Paris, France",3,149,370,29,54,12,3,0,"Wi-Fi gratuit, Parking, Buffet petit déjeuner, Hôtel non-fumeur, Navette aéroport, Bar/lounge, Concierge, Tous les détails de l'hôtel, ",3
B Montmartre Hotel,"6 rue Lecluse, 75017 Paris, France",4,188,1260,75,20,3,1,0,"Wi-Fi gratuit, Buffet petit déjeuner, Climatisation, Hôtel non-fumeur, Navette aéroport, Bar/lounge, Concierge, Tous les détails de l'hôtel, ",3
Best Western Premier Opéra Liege,"9 Rue de Liège | 9ème arrondissement, 75009 Paris, France",4,178,335,60,25,10,2,3,"Wi-Fi gratuit, Buffet petit déjeuner, Climatisation, Hôtel non-fumeur, Restaurant, Navette aéroport, Service d'étage, Tous les détails de l'hôtel, ",3
Hotel Félicien by Elegancia,"21 rue Felicien David, 75016 Paris, France",4,134,938,59,27,6,5,3,"Wi-Fi gratuit, Buffet petit déjeuner, Climatisation, Piscine, Hôtel non-fumeur, Suites, Bar/lounge, Tous les détails de l'hôtel, ",3
Mama Shelter Paris East,"109 Rue de Bagnolet, 75020 Paris, France",2,169,2117,41,39,12,5,3,"Wi-Fi gratuit, Parking, Buffet petit déjeuner, Climatisation, Hôtel non-fumeur, Restaurant, Suites, Tous les détails de l'hôtel, ",3
MARAIS HÔme Hotel,"38, boulevard du Temple | 11e arrondissement, 75011 Paris, France",3,207,698,55,37,6,1,0,"Wi-Fi gratuit, Buffet petit déjeuner, Climatisation, Hôtel non-fumeur, Navette aéroport, Suites, Centre de remise en forme, Tous les détails de l'hôtel, ",3
Hôtel Montmartre Mon Amour,"7 Rue Paul Albert, 75018 Paris, France",4,138,996,55,30,8,4,3,"Wi-Fi gratuit, Parking, Buffet petit déjeuner, Climatisation, Hôtel non-fumeur, Concierge, Service de ménage, Tous les détails de l'hôtel, ",3
Mercure Paris Montmartre Sacre Coeur,"3 rue Caulaincourt, 75018 Paris, France",4,139,2806,35,45,13,4,0,"Wi-Fi gratuit, Parking, Buffet petit déjeuner, Climatisation, Hôtel non-fumeur, Service d'étage, Bar/lounge, Tous les détails de l'hôtel, ",3
Pullman Paris Centre - Bercy,"1 rue de Libourne | 1 Avenue des Terroirs de France, 75012 Paris, France",4,206,3252,54,34,8,2,0,"Wi-Fi gratuit, Parking, Buffet petit déjeuner, Climatisation, Hôtel non-fumeur, Restaurant, Navette aéroport, Tous les détails de l'hôtel, ",3
Hotel du Printemps,"80 boulevard de Picpus, 75012 Paris, France",2,95,1041,45,46,7,1,0,"Wi-Fi gratuit, Buffet petit déjeuner, Climatisation, Hôtel non-fumeur, Chambres familiales, Bar/lounge, Concierge, Tous les détails de l'hôtel, ",2
Hotel Chatillon Paris Montparnasse,"11 Square de Chatillon | metro ligne 4 porte d'orleans et Alesia, 75014 Paris, France",3,83,272,38,44,14,3,1,"Wi-Fi gratuit, Buffet petit déjeuner, Hôtel non-fumeur, Chambres familiales, Concierge, Accès personnes handicapés, Parking gratuit, Tous les détails de l'hôtel, ",2
Seven Hôtel Paris,"20 rue Berthollet, 75005 Paris, France",4,149,1343,54,32,8,0,0,"Wi-Fi gratuit, Parking, Buffet petit déjeuner, Climatisation, Hôtel non-fumeur, Service d'étage, Suites, Tous les détails de l'hôtel, ",3
Hôtel George - Astotel,"46, rue Notre Dame de Lorette | 9th Arr., 75009 Paris, France",3,135,1090,69,25,4,1,0,"Wi-Fi gratuit, Buffet petit déjeuner, Climatisation, Hôtel non-fumeur, Chambres familiales, Concierge, Accès personnes handicapés, Tous les détails de l'hôtel, ",3
Grand Hotel Francais,"223 Boulevard Voltaire | 11th Arr., 75011 Paris, France",3,176,2190,67,27,4,1,0,"Wi-Fi gratuit, Buffet petit déjeuner, Climatisation, Hôtel non-fumeur, Suites, Bar/lounge, Concierge, Tous les détails de l'hôtel, ",3
Timhotel Montmartre,"11 rue Ravignan, 75018 Paris, France",3,107,1262,28,43,18,6,5,"Wi-Fi gratuit, Buffet petit déjeuner, Hôtel non-fumeur, Personnel multilingue, Babysitting, Parking gratuit, Piscine, Tous les détails de l'hôtel, ",2
Les Piaules,"59 boulevard de Belleville, 75011 Paris, France",0,122,292,58,30,7,1,4,"Wi-Fi gratuit, Hôtel non-fumeur, Restaurant, Bar/lounge, Personnel multilingue, Accès personnes handicapés, Terrasse sur le toit, Tous les détails de l'hôtel, ",3
Hôtel Apollon Montparnasse,"91 rue de l ouest | 14 Arr., 75014 Paris, France",3,96,1127,58,33,6,2,1,"Wi-Fi gratuit, Buffet petit déjeuner, Climatisation, Hôtel non-fumeur, Concierge, Service de ménage, Parking gratuit, Tous les détails de l'hôtel, ",2
Hotel Da Vinci & Spa,"25 rue des Saints Pères, 75006 Paris, France",4,320,972,80,15,3,1,0,"Wi-Fi gratuit, Buffet petit déjeuner, Climatisation, Piscine, Hôtel non-fumeur, Service d'étage, Suites, Tous les détails de l'hôtel, ",3
Hotel du Triangle d'Or,"6 rue Godot de Mauroy | 9th Arr., 75009 Paris, France",3,422,511,47,41,9,2,0,"Wi-Fi gratuit, Parking, Buffet petit déjeuner, Climatisation, Hôtel non-fumeur, Concierge, Spa, Tous les détails de l'hôtel, ",3
Hotel Europe Saint Severin,"38 rue Saint Severin, 75005 Paris, France",3,204,1522,54,37,1,0,0,"Wi-Fi gratuit, Buffet petit déjeuner, Climatisation, Hôtel non-fumeur, Restaurant, Navette aéroport, Suites, Tous les détails de l'hôtel, ",3
Novotel Paris Centre Bercy,"85 Rue de Bercy, 75012 Paris, France",4,212,1630,28,50,16,3,0,"Wi-Fi gratuit, Parking, Buffet petit déjeuner, Climatisation, Hôtel non-fumeur, Restaurant, Service d'étage, Tous les détails de l'hôtel, ",3
Hotel Comete Paris,"14 B rue des Maraichers, 75020 Paris, France",3,135,262,79,19,1,0,0,"Wi-Fi gratuit, Parking, Petit déjeuner inclus, Climatisation, Hôtel non-fumeur, Chambres familiales, Bar/lounge, Tous les détails de l'hôtel, ",3
Hôtel Design Secret de Paris,"2 rue de Parme, 75009 Paris, France",4,230,1790,78,18,2,1,0,"Wi-Fi gratuit, Buffet petit déjeuner, Climatisation, Jacuzzi, Hôtel non-fumeur, Service d'étage, Bar/lounge, Tous les détails de l'hôtel, ",3
Terrass'' Hotel by MH,"12-14 rue Joseph de Maistre, 75018 Paris, France",4,303,1073,77,19,3,1,0,"Wi-Fi gratuit, Buffet petit déjeuner, Climatisation, Hôtel non-fumeur, Restaurant, Navette aéroport, Service d'étage, Tous les détails de l'hôtel, ",3
Hotel de la Porte Doree,"273 avenue Daumesnil, 75012 Paris, France",3,90,825,50,39,8,2,1,"Wi-Fi gratuit, Buffet petit déjeuner, Climatisation, Hôtel non-fumeur, Concierge, Parking gratuit, Piscine, Tous les détails de l'hôtel, ",2
Le 10 Bis Hôtel,"10 Bis rue du Débarcadère, 75017 Paris, France",4,186,574,88,10,1,0,0,"Wi-Fi gratuit, Buffet petit déjeuner, Climatisation, Hôtel non-fumeur, Navette aéroport, Suites, Bar/lounge, Tous les détails de l'hôtel, ",3
Hôtel Malte - Astotel,"63 rue de Richelieu | 2nd Arr., 75002 Paris, France",4,249,872,80,15,3,1,0,"Wi-Fi gratuit, Buffet petit déjeuner, Climatisation, Hôtel non-fumeur, Service d'étage, Chambres familiales, Concierge, Tous les détails de l'hôtel, ",3
Hotel Val Girard,"14 rue Petel, 75015 Paris, France",3,121,599,43,46,2,0,0,"Wi-Fi gratuit, Buffet petit déjeuner, Climatisation, Hôtel non-fumeur, Navette aéroport, Personnel multilingue, Nettoyage à sec, Tous les détails de l'hôtel, ",3
Hôtel Les Matins de Paris & Spa,"3 Rue Clauzel, 75009 Paris, France",4,149,457,62,28,7,1,0,"Wi-Fi gratuit, Buffet petit déjeuner, Climatisation, Piscine, Hôtel non-fumeur, Service d'étage, Suites, Tous les détails de l'hôtel, ",3
Chouette Hôtel,"237 Rue de la Convention, 75015 Paris, France",3,180,493,49,41,7,2,0,"Wi-Fi gratuit, Buffet petit déjeuner, Climatisation, Hôtel non-fumeur, Suites, Personnel multilingue, Parking gratuit, Tous les détails de l'hôtel, ",3
Hôtel Marignan,"13 rue du Sommerard | 05 Arr., 75005 Paris, France",1,95,863,38,44,11,3,0,"Wi-Fi gratuit, Petit déjeuner inclus, Hôtel non-fumeur, Chambres familiales, Personnel multilingue, Service de blanchisserie, Parking gratuit, Tous les détails de l'hôtel, ",2
Best Western Star Champs Elysees,"18 Rue De L'Arc De Triomphe | 17th Arr., 75017 Paris, France",3,161,646,32,50,12,4,0,"Wi-Fi gratuit, Buffet petit déjeuner, Climatisation, Hôtel non-fumeur, Concierge, Animaux autorisés, Accès personnes handicapés, Tous les détails de l'hôtel, ",3
Hôtel Monge,"55, rue Monge, 75005 Paris, France",4,256,679,90,9,1,0,0,"Wi-Fi gratuit, Buffet petit déjeuner, Climatisation, Hôtel non-fumeur, Suites, Bar/lounge, Concierge, Tous les détails de l'hôtel, ",3
Hôtel 34B - Astotel,"34 Rue Bergère, 75009 Paris, France",3,212,2062,78,18,2,1,0,"Wi-Fi gratuit, Buffet petit déjeuner, Climatisation, Hôtel non-fumeur, Service d'étage, Suites, Bar/lounge, Tous les détails de l'hôtel, ",3
Ibis Paris Gare de Lyon Ledru Rollin 12ème,"41 avenue Ledru Rollin | 12th Arr., 75012 Paris, France",3,93,1358,24,56,15,3,2,"Wi-Fi gratuit, Buffet petit déjeuner, Climatisation, Hôtel non-fumeur, Bar/lounge, Personnel multilingue, Animaux autorisés, Tous les détails de l'hôtel, ",2
Hôtel Magda Champs Elysées,"7 rue Troyon, 75017 Paris, France",3,186,1972,61,33,4,0,0,"Wi-Fi gratuit, Buffet petit déjeuner, Climatisation, Hôtel non-fumeur, Navette aéroport, Service d'étage, Suites, Tous les détails de l'hôtel, ",3
Maison Albar Hotels - Le Diamond,"4 rue de la pépinière, 75008 Paris, France",5,221,1090,55,32,8,3,0,"Wi-Fi gratuit, Buffet petit déjeuner, Climatisation, Hôtel non-fumeur, Service d'étage, Suites, Bar/lounge, Tous les détails de l'hôtel, ",3
Hotel Vice Versa,"213 rue de la Croix Nivert, 75015 Paris, France",4,199,820,50,36,9,3,2,"Wi-Fi gratuit, Buffet petit déjeuner, Climatisation, Hôtel non-fumeur, Service d'étage, Bar/lounge, Concierge, Tous les détails de l'hôtel, ",3
Hôtel de JoBo,"10 Rue d'Ormesson, 75004 Paris, France",4,276,331,87,10,1,0,0,"Wi-Fi gratuit, Buffet petit déjeuner, Climatisation, Hôtel non-fumeur, Navette aéroport, Suites, Bar/lounge, Tous les détails de l'hôtel, ",3
Hotel Eiffel Seine,"3, bd de Grenelle | 15 Arr., 75015 Paris, France",3,141,2387,48,39,2,0,0,"Wi-Fi gratuit, Buffet petit déjeuner, Climatisation, Hôtel non-fumeur, Chambres familiales, Bar/lounge, Personnel multilingue, Tous les détails de l'hôtel, ",3
Le Village Hostel,"20 rue d Orsel, 75018 Paris, France",0,130,855,41,37,14,0,0,"Wi-Fi gratuit, Buffet petit déjeuner, Climatisation, Hôtel non-fumeur, Bar/lounge, Personnel multilingue, Terrasse sur le toit, Tous les détails de l'hôtel, ",3
Hotel France Albion,"11 rue Notre Dame de Lorette | 75009 Paris, 75009 Paris, France",2,132,1250,46,44,8,1,0,"Wi-Fi gratuit, Buffet petit déjeuner, Climatisation, Hôtel non-fumeur, Navette aéroport, Service d'étage, Bar/lounge, Tous les détails de l'hôtel, ",3
Hotel Fabric,"31 rue de la Folie Mericourt, 75011 Paris, France",4,324,1385,85,14,1,0,0,"Wi-Fi gratuit, Parking, Buffet petit déjeuner, Climatisation, Hôtel non-fumeur, Service d'étage, Chambres familiales, Tous les détails de l'hôtel, ",3
Best Western Premier Faubourg 88,"88 rue du Faubourg Poissonniere, 75010 Paris, France",4,161,453,48,39,7,4,2,"Wi-Fi gratuit, Buffet petit déjeuner, Climatisation, Hôtel non-fumeur, Navette aéroport, Suites, Bar/lounge, Tous les détails de l'hôtel, ",3
Hôtel Joke - Astotel,"69, rue Blanche, 75009 Paris, France",3,166,1349,82,15,1,0,0,"Wi-Fi gratuit, Buffet petit déjeuner, Climatisation, Hôtel non-fumeur, Service d'étage, Chambres familiales, Concierge, Tous les détails de l'hôtel, ",3
Motel One Paris-Porte Doree,"295 avenue Daumesnil, 75012 Paris, France",0,164,103,61,28,3,6,2,"Wi-Fi gratuit, Petit déjeuner disponible, Climatisation, Hôtel non-fumeur, Bar/lounge, Personnel multilingue, Animaux autorisés, Tous les détails de l'hôtel, ",3
Best Western Premier Marais Grands Boulevards,"112 Boulevard De Sebastopol, 75003 Paris, France",4,237,368,52,34,10,3,1,"Wi-Fi gratuit, Buffet petit déjeuner, Climatisation, Hôtel non-fumeur, Navette aéroport, Service d'étage, Bar/lounge, Tous les détails de l'hôtel, ",3
Source Hotel,"135 avenue de Saint Ouen, 75017 Paris, France",3,69,300,34,52,11,0,0,"Wi-Fi gratuit, Buffet petit déjeuner, Climatisation, Hôtel non-fumeur, Chambres familiales, Concierge, Accès personnes handicapés, Tous les détails de l'hôtel, ",1
Hôtel Au Boeuf Couronné,"188 Avenue Jean Jaurès, 75019 Paris, France",3,86,139,70,24,1,0,0,"Wi-Fi gratuit, Petit déjeuner disponible, Climatisation, Hôtel non-fumeur, Restaurant, Service d'étage, Chambres familiales, Tous les détails de l'hôtel, ",2
Hôtel de la Mare,"20, rue de la Mare, 75020 Paris, France",0,90,297,67,25,2,1,0,"Wi-Fi gratuit, Petit déjeuner disponible, Hôtel non-fumeur, Suites, Kitchenette, Personnel multilingue, Service de ménage, Tous les détails de l'hôtel, ",2
Le Marceau Bastille Hotel,"13 rue Jules Cesar, 75012 Paris, France",4,165,685,44,45,6,3,2,"Wi-Fi gratuit, Buffet petit déjeuner, Climatisation, Hôtel non-fumeur, Service d'étage, Bar/lounge, Centre de remise en forme, Tous les détails de l'hôtel, ",3
Opera Cadet Hotel,"24 rue Cadet, 75009 Paris, France",4,190,1775,43,44,10,2,1,"Wi-Fi gratuit, Petit déjeuner inclus, Climatisation, Hôtel non-fumeur, Navette aéroport, Service d'étage, Suites, Tous les détails de l'hôtel, ",3
Hotel Westminster,"13 rue de la Paix, 75002 Paris, France",4,265,1169,55,25,11,6,3,"Wi-Fi gratuit, Buffet petit déjeuner, Climatisation, Hôtel non-fumeur, Restaurant, Service d'étage, Chambres familiales, Tous les détails de l'hôtel, ",3
Villa Royale,"2 rue Duperre, 75009 Paris, France",4,246,824,38,12,7,5,0,"Wi-Fi gratuit, Buffet petit déjeuner, Hôtel non-fumeur, Service d'étage, Suites, Concierge, Accès personnes handicapés, Tous les détails de l'hôtel, ",3
Le Tsuba Hotel,"45 Rue des Acacias, 75017 Paris, France",4,285,375,79,17,2,1,0,"Wi-Fi gratuit, Buffet petit déjeuner, Climatisation, Hôtel non-fumeur, Service d'étage, Suites, Bar/lounge, Tous les détails de l'hôtel, ",3
Libertel Montmartre Opéra,"32, rue Duperré, 75009 Paris, France",3,98,723,31,48,15,3,0,"Wi-Fi gratuit, Buffet petit déjeuner, Climatisation, Hôtel non-fumeur, Personnel multilingue, Animaux autorisés, Nettoyage à sec, Tous les détails de l'hôtel, ",2
Home MODERNE,"61, rue Brancion, 75015 Paris, France",3,181,1172,46,45,7,1,0,"Wi-Fi gratuit, Buffet petit déjeuner, Climatisation, Hôtel non-fumeur, Suites, Concierge, Accès personnes handicapés, Tous les détails de l'hôtel, ",3
Hôtel Esmeralda,"4 rue Saint Julien le Pauvre, 75005 Paris, France",1,121,396,38,39,13,6,4,"Wi-Fi gratuit, Climatisation, Hôtel non-fumeur, Chambres familiales, Personnel multilingue, Service de ménage, Parking gratuit, Tous les détails de l'hôtel, ",3
Hotel Residence Foch,"10 rue Marbeau, 75116 Paris, France",3,130,2464,72,23,1,0,0,"Wi-Fi gratuit, Buffet petit déjeuner, Hôtel non-fumeur, Bar/lounge, Concierge, Accès personnes handicapés, Nettoyage à sec, Tous les détails de l'hôtel, ",3
Kube Hotel,"1-5 Passage Ruelle | 18th Arr., 75018 Paris, France",4,269,904,43,23,16,10,8,"Wi-Fi gratuit, Buffet petit déjeuner, Climatisation, Hôtel non-fumeur, Restaurant, Service d'étage, Suites, Tous les détails de l'hôtel, ",3
Hôtel Cécilia Paris,"11, Avenue Mac Mahon | 17 Arr., 75017 Paris, France",3,152,1223,55,37,6,1,0,"Wi-Fi gratuit, Petit déjeuner inclus, Climatisation, Hôtel non-fumeur, Bar/lounge, Concierge, Nettoyage à sec, Tous les détails de l'hôtel, ",3
Maison Albar Hotel Paris Champs-Elysées,"3 avenue Mac Mahon | proche de l'Arc de triomphe et des Champs Elysées, 75017 Paris, France",5,338,839,62,25,7,4,0,"Wi-Fi gratuit, Buffet petit déjeuner, Climatisation, Hôtel non-fumeur, Navette aéroport, Service d'étage, Suites, Tous les détails de l'hôtel, ",3
Hotel Marais Bastille,"36 boulevard Richard Lenoir, 75011 Paris, France",3,216,817,50,40,8,1,0,"Wi-Fi gratuit, Buffet petit déjeuner, Climatisation, Hôtel non-fumeur, Chambres familiales, Concierge, Accès personnes handicapés, Tous les détails de l'hôtel, ",3
Villa Royale Montsouris,"144 rue de la Tombe Issoire, 75014 Paris, France",3,159,991,30,46,12,0,0,"Wi-Fi gratuit, Parking, Buffet petit déjeuner, Climatisation, Hôtel non-fumeur, Concierge, Nettoyage à sec, Tous les détails de l'hôtel, ",3
Hotel Duquesne Eiffel,"23 Avenue Duquesne, 75007 Paris, France",3,216,1662,61,31,6,0,0,"Wi-Fi gratuit, Buffet petit déjeuner, Climatisation, Hôtel non-fumeur, Navette aéroport, Bar/lounge, Concierge, Tous les détails de l'hôtel, ",3
Hotel le Mireille,"24 rue Davy, 75017 Paris, France",3,80,181,53,37,8,1,0,"Wi-Fi gratuit, Buffet petit déjeuner, Climatisation, Hôtel non-fumeur, Concierge, Nettoyage à sec, Service de ménage, Tous les détails de l'hôtel, ",2
Libertel Gare du Nord Suède,"106 boulevard de Magenta, 75010 Paris, France",3,147,864,29,50,14,3,0,"Wi-Fi gratuit, Parking, Buffet petit déjeuner, Climatisation, Hôtel non-fumeur, Personnel multilingue, Installations adaptées aux personnes à mobilité réduite, Tous les détails de l'hôtel, ",3
Hotel Exquis by Elegancia,"71 rue de Charonne, 75011 Paris, France",3,107,795,68,26,4,1,0,"Wi-Fi gratuit, Buffet petit déjeuner, Climatisation, Hôtel non-fumeur, Personnel multilingue, Accès personnes handicapés, Parking gratuit, Tous les détails de l'hôtel, ",2
Hôtel Eugène en Ville,"6 rue Buffault | 9th Arr., 75009 Paris, France",4,189,1111,47,38,10,3,2,"Wi-Fi gratuit, Buffet petit déjeuner, Climatisation, Hôtel non-fumeur, Restaurant, Service d'étage, Suites, Tous les détails de l'hôtel, ",3
Hotel Balmoral,"6, Rue du Général Lanrezac | 6, Rue du Général Lanrezac, 75017 Paris, France",4,178,1413,70,24,1,0,0,"Wi-Fi gratuit, Buffet petit déjeuner, Climatisation, Hôtel non-fumeur, Navette aéroport, Service d'étage, Suites, Tous les détails de l'hôtel, ",3
Hotel Ares Paris,"7 rue du General de Larminat, 75015 Paris, France",4,190,2599,74,20,1,0,0,"Wi-Fi gratuit, Parking, Buffet petit déjeuner, Climatisation, Hôtel non-fumeur, Service d'étage, Suites, Tous les détails de l'hôtel, ",3
Hôtel Orchidée,"65 rue de l ouest, 75014 Paris, France",3,109,348,35,49,14,1,0,"Wi-Fi gratuit, Buffet petit déjeuner, Climatisation, Hôtel non-fumeur, Navette aéroport, Chambres familiales, Bar/lounge, Tous les détails de l'hôtel, ",2
Jack's Hotel,"19, avenue Stephen Pichon | 13eme Arr., 75013 Paris, France",3,104,598,40,45,12,1,0,"Wi-Fi gratuit, Buffet petit déjeuner, Climatisation, Hôtel non-fumeur, Concierge, Animaux autorisés, Service de ménage, Tous les détails de l'hôtel, ",2
"The Hoxton, Paris","30 rue du Sentier, 75002 Paris, France",4,654,513,71,24,3,0,0,"Wi-Fi gratuit, Petit déjeuner inclus, Climatisation, Hôtel non-fumeur, Restaurant, Service d'étage, Suites, Tous les détails de l'hôtel, ",3
Le Narcisse Blanc Hotel & Spa,"19 boulevard de la Tour Maubourg, 75007 Paris, France",5,465,443,90,6,2,1,0,"Wi-Fi gratuit, Buffet petit déjeuner, Climatisation, Piscine chauffée, Hôtel non-fumeur, Restaurant, Navette aéroport, Tous les détails de l'hôtel, ",3
Grand Hotel du Palais Royal,"4 Rue de Valois, 75001 Paris, France",5,585,967,83,11,4,0,0,"Wi-Fi gratuit, Buffet petit déjeuner, Climatisation, Hôtel non-fumeur, Restaurant, Service d'étage, Suites, Tous les détails de l'hôtel, ",3
Hôtel Paris Bastille Boutet - MGallery,"22 24 Rue Faidherbe, 75011 Paris, France",5,270,562,64,25,8,2,1,"Wi-Fi gratuit, Parking, Buffet petit déjeuner, Climatisation, Piscine, Hôtel non-fumeur, Service d'étage, Tous les détails de l'hôtel, ",3
Hotel Le Régent,"61 rue Dauphine, 75006 Paris, France",3,205,365,45,42,8,3,0,"Wi-Fi gratuit, Petit déjeuner inclus, Climatisation, Hôtel non-fumeur, Chambres familiales, Concierge, Animaux autorisés, Tous les détails de l'hôtel, ",3
Le Lapin Blanc,"41 Boulevard Saint-Michel, 75005 Paris, France",4,247,549,75,20,3,1,0,"Wi-Fi gratuit, Buffet petit déjeuner, Climatisation, Hôtel non-fumeur, Service d'étage, Suites, Concierge, Tous les détails de l'hôtel, ",3
Hotel de France Invalides,"102 boulevard de la Tour Maubourg, 75007 Paris, France",3,168,442,38,39,17,4,2,"Wi-Fi gratuit, Buffet petit déjeuner, Hôtel non-fumeur, Bar/lounge, Concierge, Accès personnes handicapés, Service de ménage, Tous les détails de l'hôtel, ",3
Hôtel La Sanguine,"6 Rue de Surène | 8th Arr., 75008 Paris, France",2,141,505,65,28,4,2,1,"Wi-Fi gratuit, Petit déjeuner disponible, Climatisation, Hôtel non-fumeur, Concierge, Parking gratuit, Piscine, Tous les détails de l'hôtel, ",3
Hôtel Palym,"4 rue Emile Gilbert | 12e, 75012 Paris, France",3,149,724,26,54,13,0,0,"Wi-Fi gratuit, Buffet petit déjeuner, Climatisation, Hôtel non-fumeur, Concierge, Accès personnes handicapés, Parking gratuit, Tous les détails de l'hôtel, ",3
Mercure Paris Bercy Bibliotheque,"6 boulevard Vincent Auriol, 75013 Paris, France",4,134,873,34,49,12,1,0,"Wi-Fi gratuit, Parking, Buffet petit déjeuner, Climatisation, Service d'étage, Suites, Bar/lounge, Tous les détails de l'hôtel, ",3
Hôtel Le M Saint Germain,"33 rue Des Écoles, 75005 Paris, France",3,129,65,55,38,2,0,0,"Wi-Fi gratuit, Buffet petit déjeuner, Climatisation, Hôtel non-fumeur, Concierge, Parking gratuit, Piscine, Tous les détails de l'hôtel, ",3
Hotel Régence Etoile,"24 avenue Carnot, 75017 Paris, France",4,218,478,56,35,1,2,0,"Wi-Fi gratuit, Buffet petit déjeuner, Climatisation, Hôtel non-fumeur, Navette aéroport, Service d'étage, Chambres familiales, Tous les détails de l'hôtel, ",3
Mercure Paris Place d'Italie,"25 boulevard Auguste Blanqui, 75013 Paris, France",4,144,257,37,40,17,4,2,"Wi-Fi gratuit, Parking, Buffet petit déjeuner, Climatisation, Hôtel non-fumeur, Service d'étage, Suites, Tous les détails de l'hôtel, ",3
Hôtel Scarlett,"1 Rue Jouye Rouve, 75020 Paris, France",3,141,355,66,26,5,2,1,"Wi-Fi gratuit, Buffet petit déjeuner, Climatisation, Hôtel non-fumeur, Bar/lounge, Concierge, Animaux autorisés, Tous les détails de l'hôtel, ",3
Hotel de la Paix Tour Eiffel,"19 rue du Gros Caillou | 07 Arr., 75007 Paris, France",3,173,306,37,45,12,4,0,"Wi-Fi gratuit, Parking, Buffet petit déjeuner, Climatisation, Hôtel non-fumeur, Chambres familiales, Personnel multilingue, Tous les détails de l'hôtel, ",3
Mercure Paris Alésia,"185 Boulevard Brune, 75014 Paris, France",4,229,321,36,44,13,5,2,"Wi-Fi gratuit, Parking, Buffet petit déjeuner, Climatisation, Hôtel non-fumeur, Suites, Bar/lounge, Tous les détails de l'hôtel, ",3
Hôtel Excelsior Latin,"20 Rue Cujas | Quartier Latin, 75005 Paris, France",3,138,1266,35,46,13,4,2,"Wi-Fi gratuit, Buffet petit déjeuner, Climatisation, Chambres non-fumeurs, Navette aéroport, Suites, Concierge, Tous les détails de l'hôtel, ",3
Europe Hotel Paris Eiffel,"103 Boulevard de Grenelle | 15 Arr., 75015 Paris, France",3,185,558,37,45,14,2,0,"Wi-Fi gratuit, Buffet petit déjeuner, Hôtel non-fumeur, Bar/lounge, Concierge, Accès personnes handicapés, Nettoyage à sec, Tous les détails de l'hôtel, ",3
Hotel Donjon Vincennes,"22, rue du donjon | (Paris), 94300 Vincennes, France",2,77,481,51,41,5,2,0,"Wi-Fi gratuit, Buffet petit déjeuner, Hôtel non-fumeur, Chambres familiales, Concierge, Service de ménage, Parking gratuit, Tous les détails de l'hôtel, ",1
Hotel Korner Eiffel,"96 avenue Emile Zola | 15th Arr., 75015 Paris, France",2,155,216,57,33,2,1,0,"Wi-Fi gratuit, Buffet petit déjeuner, Hôtel non-fumeur, Concierge, Chambres avec accès mobilité réduite, Navette, Parking gratuit, Tous les détails de l'hôtel, ",3
Hôtel Lorette - Astotel,"36 rue Notre Dame de Lorette | 9th Arr., 75009 Paris, France",3,135,1519,50,39,8,2,1,"Wi-Fi gratuit, Buffet petit déjeuner, Climatisation, Hôtel non-fumeur, Service d'étage, Chambres familiales, Concierge, Tous les détails de l'hôtel, ",3
Hôtel de Venise,"4 Rue Chaligny, 75012 Paris, France",2,87,434,32,54,9,3,0,"Wi-Fi gratuit, Buffet petit déjeuner, Hôtel non-fumeur, Concierge, Animaux autorisés, Climatisation, Piscine, Tous les détails de l'hôtel, ",2
Hôtel Le 123 Sébastopol - Astotel,"123 Boulevard de Sébastopol | 2nd Arr., 75002 Paris, France",4,317,1958,79,17,2,1,0,"Wi-Fi gratuit, Buffet petit déjeuner, Climatisation, Hôtel non-fumeur, Service d'étage, Chambres familiales, Bar/lounge, Tous les détails de l'hôtel, ",3
Beautiful Belleville Hostel,"12 Rue de l'Atlas, 75019 Paris, France",0,96,261,39,46,10,3,2,"Wi-Fi gratuit, Petit déjeuner inclus, Hôtel non-fumeur, Personnel multilingue, Service de ménage, Salles de réunion, Tous les détails de l'hôtel, ",2
Le Mathurin Hôtel & Spa Paris,"43 Rue des Mathurins, 75008 Paris, France",4,372,476,48,39,3,2,0,"Wi-Fi gratuit, Buffet petit déjeuner, Climatisation, Jacuzzi, Hôtel non-fumeur, Service d'étage, Suites, Tous les détails de l'hôtel, ",3
Apostrophe Hotel,"3 rue de Chevreuse, 75006 Paris, France",3,243,725,67,27,4,1,0,"Wi-Fi gratuit, Climatisation, Hôtel non-fumeur, Concierge, Accès personnes handicapés, Nettoyage à sec, Service de ménage, Tous les détails de l'hôtel, ",3
Hôtel Galileo,"54, rue Galilée | 08 Arr., 75008 Paris, France",3,251,1372,69,25,4,1,0,"Wi-Fi gratuit, Parking, Buffet petit déjeuner, Climatisation, Hôtel non-fumeur, Service d'étage, Suites, Tous les détails de l'hôtel, ",3
Hotel la Nouvelle Republique,"9 rue Moret, 75011 Paris, France",3,141,197,80,17,3,0,0,"Wi-Fi gratuit, Petit déjeuner inclus, Climatisation, Hôtel non-fumeur, Chambres familiales, Bar/lounge, Concierge, Tous les détails de l'hôtel, ",3
Hotel Eiffel Turenne,"20 avenue de Tourville, 75007 Paris, France",3,110,701,69,26,3,1,0,"Wi-Fi gratuit, Buffet petit déjeuner, Climatisation, Hôtel non-fumeur, Bar/lounge, Concierge, Parking gratuit, Tous les détails de l'hôtel, ",2
The Westin Paris - Vendôme,"3 Rue De Castiglione, 75001 Paris, France",4,396,4112,39,34,15,7,0,"Wi-Fi gratuit, Buffet petit déjeuner, Climatisation, Hôtel non-fumeur, Restaurant, Service d'étage, Suites, Tous les détails de l'hôtel, ",3
Le Bristol Paris,"112 rue du Faubourg Saint-Honoré | 8th Arr., 75008 Paris, France",5,1,1898,88,2,1,0,0,"Wi-Fi gratuit, Parking, Petit déjeuner disponible, Climatisation, Piscine, Hôtel non-fumeur, Restaurant, Tous les détails de l'hôtel, ",1
Buddha-Bar Hotel Paris,"4, rue d'Anjou, 75008 Paris, France",5,545,905,73,18,5,2,0,"Wi-Fi gratuit, Buffet petit déjeuner, Climatisation, Chambres non-fumeurs, Restaurant, Navette aéroport, Service d'étage, Tous les détails de l'hôtel, ",3
Hôtel Saint-Marc,"36 rue Saint-Marc, 75002 Paris, France",4,364,500,83,14,2,1,0,"Wi-Fi gratuit, Buffet petit déjeuner, Climatisation, Piscine, Hôtel non-fumeur, Service d'étage, Suites, Tous les détails de l'hôtel, ",3
Hôtel Odessa Montparnasse,"28 Rue d Odessa, 75014 Paris, France",2,107,410,27,50,18,3,2,"Wi-Fi gratuit, Hôtel non-fumeur, Service d'étage, Personnel multilingue, Service de ménage, Parking gratuit, Buffet petit déjeuner, Tous les détails de l'hôtel, ",2
La Maison Montparnasse,"53 rue de Gergovie, 75014 Paris, France",2,137,611,43,45,9,2,1,"Wi-Fi gratuit, Parking, Buffet petit déjeuner, Hôtel non-fumeur, Concierge, Animaux autorisés, Salles de réunion, Tous les détails de l'hôtel, ",3
Hôtel La Comtesse,"29, Avenue de Tourville, 75007 Paris, France",4,209,428,80,14,1,0,0,"Wi-Fi gratuit, Parking, Buffet petit déjeuner, Climatisation, Hôtel non-fumeur, Restaurant, Navette aéroport, Tous les détails de l'hôtel, ",3
Le Mareuil,"51 rue de Malte, 75011 Paris, France",4,260,733,68,29,2,1,0,"Wi-Fi gratuit, Buffet petit déjeuner, Climatisation, Hôtel non-fumeur, Service d'étage, Suites, Bar/lounge, Tous les détails de l'hôtel, ",3
The Lodge du Centre Hotel,"6 rue Geoffroy Marie, 75009 Paris, France",3,172,474,28,52,16,3,1,"Wi-Fi gratuit, Buffet petit déjeuner, Hôtel non-fumeur, Navette aéroport, Bar/lounge, Concierge, Service de blanchisserie, Tous les détails de l'hôtel, ",3
Handsome Hotel by Elegancia,"83 rue Rambuteau | 1st Arr., 75001 Paris, France",3,296,250,59,32,8,1,0,"Wi-Fi gratuit, Petit déjeuner inclus, Climatisation, Hôtel non-fumeur, Concierge, Service de ménage, Parking gratuit, Tous les détails de l'hôtel, ",3
Hôtel Keppler,"10 Rue Kepler | 16 arr., 75116 Paris, France",4,288,1160,77,18,3,1,0,"Wi-Fi gratuit, Buffet petit déjeuner, Climatisation, Hôtel non-fumeur, Service d'étage, Suites, Bar/lounge, Tous les détails de l'hôtel, ",3
Cler Hotel,"24 B rue Cler, 75007 Paris, France",3,224,667,77,19,2,1,0,"Wi-Fi gratuit, Buffet petit déjeuner, Climatisation, Hôtel non-fumeur, Personnel multilingue, Parking gratuit, Piscine, Tous les détails de l'hôtel, ",3
Hôtel Gramont Opéra,"22 rue de Gramont, 75002 Paris, France",3,209,1314,68,25,1,0,0,"Wi-Fi gratuit, Buffet petit déjeuner, Climatisation, Hôtel non-fumeur, Bar/lounge, Concierge, Accès personnes handicapés, Tous les détails de l'hôtel, ",3
Hotel des Nations St-Germain,"54 rue Monge, 75005 Paris, France",3,174,448,51,37,9,2,0,"Wi-Fi gratuit, Parking, Buffet petit déjeuner, Climatisation, Hôtel non-fumeur, Concierge, Accès personnes handicapés, Tous les détails de l'hôtel, ",3
Mercure Paris Vaugirard Porte de Versailles Hotel,"69 boulevard Victor, 75015 Paris, France",4,301,849,33,49,13,2,0,"Wi-Fi gratuit, Parking, Buffet petit déjeuner, Climatisation, Piscine, Hôtel non-fumeur, Service d'étage, Tous les détails de l'hôtel, ",3
Hôtel Les Bulles de Paris,"32 rue des Ecoles | 5th Arr., 75005 Paris, France",4,190,438,44,36,12,5,3,"Wi-Fi gratuit, Buffet petit déjeuner, Climatisation, Hôtel non-fumeur, Service d'étage, Suites, Bar/lounge, Tous les détails de l'hôtel, ",3
Hotel de la Place du Louvre - Esprit de France,"21 rue des Pretres St Germain l'Auxerrois | 01 Arr., 75001 Paris, France",3,194,562,46,44,7,2,1,"Wi-Fi gratuit, Parking, Buffet petit déjeuner, Climatisation, Hôtel non-fumeur, Concierge, Animaux autorisés, Tous les détails de l'hôtel, ",3
Hotel De Buci by MH,"22, rue de Buci | 06 Arr., 75006 Paris, France",4,385,955,71,22,4,0,0,"Wi-Fi gratuit, Buffet petit déjeuner, Climatisation, Hôtel non-fumeur, Service d'étage, Suites, Bar/lounge, Tous les détails de l'hôtel, ",3
Hotel De La Paix Montparnasse,"225 boulevard Raspail, 75014 Paris, France",3,134,746,44,45,8,2,1,"Wi-Fi gratuit, Parking, Buffet petit déjeuner, Climatisation, Hôtel non-fumeur, Chambres familiales, Personnel multilingue, Tous les détails de l'hôtel, ",3
Hôtel Opéra Frochot,"4 rue Frochot | 9th Arr., 75009 Paris, France",3,126,349,44,36,13,0,0,"Wi-Fi gratuit, Buffet petit déjeuner, Climatisation, Hôtel non-fumeur, Bar/lounge, Concierge, Parking gratuit, Tous les détails de l'hôtel, ",3
XO Hotel,"25 Rue Théodore de Banville | 17th Arr., 75017 Paris, France",4,216,275,83,14,2,0,1,"Wi-Fi gratuit, Buffet petit déjeuner, Climatisation, Hôtel non-fumeur, Service d'étage, Chambres familiales, Concierge, Tous les détails de l'hôtel, ",3
Hotel Eiffel Trocadero,"35 rue Benjamin Franklin, 75116 Paris, France",4,171,385,44,34,13,5,0,"Wi-Fi gratuit, Buffet petit déjeuner, Climatisation, Jacuzzi, Hôtel non-fumeur, Navette aéroport, Service d'étage, Tous les détails de l'hôtel, ",3
Le Relais Montmartre,"6 rue Constance, 75018 Paris, France",4,134,1143,69,27,2,1,0,"Wi-Fi gratuit, Buffet petit déjeuner, Climatisation, Hôtel non-fumeur, Chambres familiales, Concierge, Accès personnes handicapés, Tous les détails de l'hôtel, ",3
Hôtel Palm - Astotel,"30 Rue De Maubeuge | 9th Arr., 75009 Paris, France",3,143,1408,64,31,3,0,0,"Wi-Fi gratuit, Buffet petit déjeuner, Climatisation, Hôtel non-fumeur, Chambres familiales, Concierge, Accès personnes handicapés, Tous les détails de l'hôtel, ",3
Hilton Paris Opera,"108 Rue Saint-Lazare, 75008 Paris, France",4,282,2314,58,25,9,3,0,"Wi-Fi gratuit, Buffet petit déjeuner, Climatisation, Hôtel non-fumeur, Restaurant, Service d'étage, Suites, Tous les détails de l'hôtel, ",3
Hotel Pastel Paris,"79 rue Lauriston | 16th Arr., 75116 Paris, France",3,173,112,71,24,0,0,0,"Wi-Fi gratuit, Buffet petit déjeuner, Climatisation, Hôtel non-fumeur, Concierge, Nettoyage à sec, Service de ménage, Tous les détails de l'hôtel, ",3
Best Western Premier Opéra Opal,"19 rue Tronchet | 8th Arr., 75008 Paris, France",4,161,624,33,50,11,4,2,"Wi-Fi gratuit, Buffet petit déjeuner, Climatisation, Hôtel non-fumeur, Navette aéroport, Service d'étage, Suites, Tous les détails de l'hôtel, ",3
9HOTEL MONTPARNASSE,"76 rue Raymond Losserand, 75014 Paris, France",3,354,719,44,43,9,1,0,"Wi-Fi gratuit, Buffet petit déjeuner, Climatisation, Hôtel non-fumeur, Bar/lounge, Concierge, Accès personnes handicapés, Tous les détails de l'hôtel, ",3
Hotel Louvre Marsollier Opera,"13 rue Marsollier | 2nd Arr., 75002 Paris, France",3,11,581,45,38,11,4,2,"Wi-Fi gratuit, Buffet petit déjeuner, Climatisation, Hôtel non-fumeur, Concierge, Service de blanchisserie, Service de ménage, Tous les détails de l'hôtel, ",1
Hôtel Astra Opéra - Astotel,"29 rue de Caumartin | 9th Arr., 75009 Paris, France",4,208,1321,45,40,10,3,2,"Wi-Fi gratuit, Buffet petit déjeuner, Climatisation, Hôtel non-fumeur, Service d'étage, Chambres familiales, Concierge, Tous les détails de l'hôtel, ",3
Terminus Orléans,"197 boulevard Brune, 75014 Paris, France",2,89,696,38,48,10,3,1,"Wi-Fi gratuit, Hôtel non-fumeur, Personnel multilingue, Service de ménage, Parking gratuit, Petit déjeuner inclus, Piscine, Tous les détails de l'hôtel, ",2
Hotel Napoléon Paris,"40 avenue de Friedland, 75008 Paris, France",5,392,458,73,20,2,0,0,"Wi-Fi gratuit, Parking, Buffet petit déjeuner, Chambres non-fumeurs, Restaurant, Service d'étage, Suites, Tous les détails de l'hôtel, ",3
The Chess Hotel,"6 rue du Helder, 75009 Paris, France",4,405,435,51,40,6,2,0,"Wi-Fi gratuit, Buffet petit déjeuner, Climatisation, Hôtel non-fumeur, Service d'étage, Suites, Bar/lounge, Tous les détails de l'hôtel, ",3
La Maison Favart,"5, Rue de Marivaux | 2nd Arr, 75002 Paris, France",4,560,1696,80,16,2,1,0,"Wi-Fi gratuit, Buffet petit déjeuner, Climatisation, Piscine, Hôtel non-fumeur, Service d'étage, Suites, Tous les détails de l'hôtel, ",3
Hôtel Le Chat Noir,"68 Boulevard de Clichy, 75018 Paris, France",4,155,1146,41,42,12,3,0,"Wi-Fi gratuit, Buffet petit déjeuner, Climatisation, Hôtel non-fumeur, Personnel multilingue, Accès personnes handicapés, Service de blanchisserie, Tous les détails de l'hôtel, ",3
Atlantic Hôtel,"44 Rue de Londres | 8th Arr., 75008 Paris, France",3,158,725,47,42,9,1,0,"Wi-Fi gratuit, Buffet petit déjeuner, Climatisation, Hôtel non-fumeur, Service d'étage, Concierge, Installations adaptées aux personnes à mobilité réduite, Tous les détails de l'hôtel, ",3
Hotel du College de France,"7 rue Thenard, 75005 Paris, France",2,160,1084,56,36,1,0,0,"Wi-Fi gratuit, Buffet petit déjeuner, Hôtel non-fumeur, Concierge, Balcon privé, Parking gratuit, Piscine, Tous les détails de l'hôtel, ",3
Novotel Suites Paris Expo Porte de Versailles,"4 Boulevard Brune, 75014 Paris, France",4,221,369,48,40,6,3,0,"Wi-Fi gratuit, Buffet petit déjeuner, Climatisation, Hôtel non-fumeur, Suites, Bar/lounge, Centre de remise en forme, Tous les détails de l'hôtel, ",3
Hôtel R de Paris,"41 rue de Clichy, 75009 Paris, France",4,284,921,75,22,1,0,0,"Wi-Fi gratuit, Buffet petit déjeuner, Climatisation, Hôtel non-fumeur, Service d'étage, Suites, Bar/lounge, Tous les détails de l'hôtel, ",3
Hotel Relais Bosquet Paris,"19 rue du Champ de Mars, 75007 Paris, France",3,199,2387,69,25,4,1,0,"Wi-Fi gratuit, Buffet petit déjeuner, Climatisation, Hôtel non-fumeur, Navette aéroport, Concierge, Animaux autorisés, Tous les détails de l'hôtel, ",3
Hôtel Bradford Elysées - Astotel,"10, rue Saint Philippe du Roule, 75008 Paris, France",4,249,1748,78,18,2,1,0,"Wi-Fi gratuit, Buffet petit déjeuner, Climatisation, Hôtel non-fumeur, Service d'étage, Chambres familiales, Bar/lounge, Tous les détails de l'hôtel, ",3
Le Derby Alma,"8 Avenue Rapp, 75007 Paris, France",4,304,866,70,24,1,0,0,"Wi-Fi gratuit, Buffet petit déjeuner, Climatisation, Hôtel non-fumeur, Service d'étage, Suites, Bar/lounge, Tous les détails de l'hôtel, ",3
Hotel Magellan,"17 rue Jean Baptiste Dumas, 75017 Paris, France",3,132,810,43,47,2,1,0,"Wi-Fi gratuit, Parking, Buffet petit déjeuner, Piscine, Hôtel non-fumeur, Restaurant, Navette aéroport, Tous les détails de l'hôtel, ",3
K+K Hôtel Cayré,"4 Boulevard Raspail | 7th Arr., 75007 Paris, France",4,376,2696,58,33,6,2,1,"Wi-Fi gratuit, Buffet petit déjeuner, Climatisation, Hôtel non-fumeur, Service d'étage, Bar/lounge, Centre de remise en forme, Tous les détails de l'hôtel, ",3
Hotel Saint Paul Rive Gauche,"43 rue Monsieur le Prince, 75006 Paris, France",4,310,911,69,25,4,1,0,"Wi-Fi gratuit, Buffet petit déjeuner, Climatisation, Hôtel non-fumeur, Navette aéroport, Service d'étage, Suites, Tous les détails de l'hôtel, ",3
Citadines Saint-Germain-des-Pres Paris,"53, ter Quai des Grands Augustins, 75006 Paris, France",4,380,2205,49,39,8,2,0,"Wi-Fi gratuit, Parking, Buffet petit déjeuner, Hôtel non-fumeur, Chambres familiales, Centre de remise en forme, Kitchenette, Tous les détails de l'hôtel, ",3
Hotel Britannique,"20 avenue Victoria, 75001 Paris, France",3,226,1642,64,29,2,1,0,"Wi-Fi gratuit, Buffet petit déjeuner, Climatisation, Hôtel non-fumeur, Suites, Bar/lounge, Concierge, Tous les détails de l'hôtel, ",3
Hotel Beauchamps,"24 Rue de Ponthieu | Champs-Elysées, 75008 Paris, France",4,229,398,46,33,11,4,0,"Wi-Fi gratuit, Parking, Buffet petit déjeuner, Chambres non-fumeurs, Service d'étage, Concierge, Nettoyage à sec, Tous les détails de l'hôtel, ",3
Okko Hotels Paris Porte de Versailles,"2 Rue du Colonel Pierre Avia, 75015 Paris, France",4,235,261,67,25,2,1,0,"Wi-Fi gratuit, Petit déjeuner inclus, Climatisation, Hôtel non-fumeur, Chambres familiales, Bar/lounge, Centre de remise en forme, Tous les détails de l'hôtel, ",3
Pavillon Nation,"13 boulevard de Charonne, 75011 Paris, France",3,106,964,37,42,14,5,0,"Wi-Fi gratuit, Buffet petit déjeuner, Climatisation, Hôtel non-fumeur, Navette aéroport, Centre de remise en forme, Personnel multilingue, Tous les détails de l'hôtel, ",2
Hôtel Palais de Chaillot,"35 avenue Raymond Poincare, 75116 Paris, France",3,163,417,46,43,8,2,1,"Wi-Fi gratuit, Buffet petit déjeuner, Climatisation, Hôtel non-fumeur, Concierge, Animaux autorisés, Accès personnes handicapés, Tous les détails de l'hôtel, ",3
Classics Hotel Bastille,"131 rue de Charonne | 11th Arr., 75011 Paris, France",3,141,599,27,53,16,2,0,"Wi-Fi gratuit, Parking, Buffet petit déjeuner, Climatisation, Hôtel non-fumeur, Navette aéroport, Personnel multilingue, Tous les détails de l'hôtel, ",3
Maison Athénée,"19 rue de Caumartin, 75009 Paris, France",4,335,554,73,21,4,0,0,"Wi-Fi gratuit, Buffet petit déjeuner, Climatisation, Hôtel non-fumeur, Navette aéroport, Service d'étage, Bar/lounge, Tous les détails de l'hôtel, ",3
Sofitel Paris Arc de Triomphe,"14 rue Beaujon, 75008 Paris, France",5,361,1236,53,30,10,5,2,"Wi-Fi gratuit, Parking, Buffet petit déjeuner, Climatisation, Hôtel non-fumeur, Restaurant, Service d'étage, Tous les détails de l'hôtel, ",3
Staycity Aparthotels Gare de l'Est,"5 Passage Dubail, 75010 Paris, France",3,113,943,48,38,3,0,0,"Wi-Fi gratuit, Petit déjeuner disponible, Climatisation, Hôtel non-fumeur, Chambres familiales, Kitchenette, Concierge, Tous les détails de l'hôtel, ",2
First Hotel,"2 boulevard Garibaldi | 15th Arr., 75015 Paris, France",4,175,1401,49,35,11,3,2,"Wi-Fi gratuit, Parking, Buffet petit déjeuner, Climatisation, Hôtel non-fumeur, Service d'étage, Suites, Tous les détails de l'hôtel, ",3
Hôtel Augustin - Astotel,"9 rue Roy | 8th Arr., 75008 Paris, France",3,156,1185,74,22,1,0,0,"Wi-Fi gratuit, Buffet petit déjeuner, Climatisation, Hôtel non-fumeur, Chambres familiales, Concierge, Accès personnes handicapés, Tous les détails de l'hôtel, ",3
Hôtel Le 123 Elysées - Astotel,"123 rue du Faubourg Saint Honore | 8th Arr., 75008 Paris, France",4,296,1742,69,25,4,1,0,"Wi-Fi gratuit, Buffet petit déjeuner, Climatisation, Hôtel non-fumeur, Service d'étage, Concierge, Accès personnes handicapés, Tous les détails de l'hôtel, ",3
Hôtel Square Louvois,"12 rue de Louvois, 75002 Paris, France",4,390,344,82,14,3,0,1,"Wi-Fi gratuit, Buffet petit déjeuner, Climatisation, Piscine, Hôtel non-fumeur, Service d'étage, Suites, Tous les détails de l'hôtel, ",3
Citadines Tour Eiffel Paris,"132 boulevard de Grenelle | 15th Arr., 75015 Paris, France",4,346,341,55,32,7,3,0,"Wi-Fi gratuit, Parking, Petit déjeuner disponible, Climatisation, Hôtel non-fumeur, Suites, Kitchenette, Tous les détails de l'hôtel, ",3
Hotel de Neuve by HappyCulture,"14, rue Neuve-Saint Pierre | 4th Arr., 75004 Paris, France",3,244,383,47,40,10,2,1,"Wi-Fi gratuit, Buffet petit déjeuner, Climatisation, Hôtel non-fumeur, Concierge, Chambres avec accès mobilité réduite, Service de blanchisserie, Tous les détails de l'hôtel, ",3
Sofitel Paris Baltimore Tour-Eiffel,"88 B avenue Kleber | 16 Arr., 75116 Paris, France",5,312,265,60,22,10,3,5,"Wi-Fi gratuit, Parking, Buffet petit déjeuner, Climatisation, Chambres non-fumeurs, Restaurant, Service d'étage, Tous les détails de l'hôtel, ",3
Hôtel d'Orsay - Esprit de France,"93 rue de Lille, 75007 Paris, France",4,339,1234,71,24,3,0,0,"Wi-Fi gratuit, Parking, Buffet petit déjeuner, Climatisation, Hôtel non-fumeur, Navette aéroport, Service d'étage, Tous les détails de l'hôtel, ",3
Hotel de Banville,"166 boulevard Berthier, 75017 Paris, France",4,203,714,63,27,6,2,0,"Wi-Fi gratuit, Buffet petit déjeuner, Climatisation, Hôtel non-fumeur, Navette aéroport, Service d'étage, Suites, Tous les détails de l'hôtel, ",3
Hotel de Banville,"166 boulevard Berthier, 75017 Paris, France",4,203,714,63,27,6,2,0,"Wi-Fi gratuit, Buffet petit déjeuner, Climatisation, Hôtel non-fumeur, Navette aéroport, Service d'étage, Suites, Tous les détails de l'hôtel, ",3
Relais Hotel du Vieux Paris,"9 rue Git le Coeur, 75006 Paris, France",4,194,475,61,27,5,4,3,"Wi-Fi gratuit, Parking, Buffet petit déjeuner, Climatisation, Hôtel non-fumeur, Navette aéroport, Suites, Tous les détails de l'hôtel, ",3
Hotel du Ministere,"31 rue de Surene, 75008 Paris, France",4,364,647,67,25,6,1,0,"Wi-Fi gratuit, Buffet petit déjeuner, Climatisation, Hôtel non-fumeur, Service d'étage, Suites, Bar/lounge, Tous les détails de l'hôtel, ",3
Hotel Eiffel Capitol,"9, rue Viala | 15 Arr., 75015 Paris, France",3,135,714,41,44,11,3,0,"Wi-Fi gratuit, Parking, Buffet petit déjeuner, Climatisation, Hôtel non-fumeur, Bar/lounge, Concierge, Tous les détails de l'hôtel, ",3
Elysees Ceramic Hotel,"34 avenue de Wagram, 75008 Paris, France",3,154,822,36,44,15,3,2,"Wi-Fi gratuit, Buffet petit déjeuner, Concierge, Service de ménage, Parking gratuit, Climatisation, Piscine, Tous les détails de l'hôtel, ",3
Sèvres saint Germain Hotel,"22 Rue Saint-Placide, 75006 Paris, France",3,197,636,58,36,4,1,0,"Wi-Fi gratuit, Parking, Buffet petit déjeuner, Climatisation, Hôtel non-fumeur, Restaurant, Navette aéroport, Tous les détails de l'hôtel, ",3
Le Belleval,"16 rue de la Pepiniere, 75008 Paris, France",4,315,78,81,14,3,0,0,"Wi-Fi gratuit, Climatisation, Chambres non-fumeurs, Restaurant, Service d'étage, Bar/lounge, Tous les détails de l'hôtel, ",3
Hôtel Madeleine Haussmann,"10, rue Pasquier | 10e arrondissement, 75008 Paris, France",3,279,320,42,41,13,0,0,"Wi-Fi gratuit, Buffet petit déjeuner, Climatisation, Hôtel non-fumeur, Service d'étage, Concierge, Accès personnes handicapés, Tous les détails de l'hôtel, ",3
Hôtel des Grandes Ecoles,"75 rue du Cardinal Lemoine, 75005 Paris, France",2,155,838,51,35,8,3,0,"Wi-Fi gratuit, Hôtel non-fumeur, Animaux autorisés, Chambres avec accès mobilité réduite, Service de ménage, Parking gratuit, Petit déjeuner inclus, Tous les détails de l'hôtel, ",3
1K Paris,"13 Boulevard du Temple, 75003 Paris, France",4,357,671,53,28,11,4,0,"Wi-Fi gratuit, Buffet petit déjeuner, Climatisation, Hôtel non-fumeur, Restaurant, Service d'étage, Suites, Tous les détails de l'hôtel, ",3
Les Jardins de Mademoiselle,"15 rue Mademoiselle, 75015 Paris, France",4,162,49,86,12,0,0,0,"Wi-Fi gratuit, Petit déjeuner disponible, Climatisation, Piscine, Hôtel non-fumeur, Navette aéroport, Service d'étage, Tous les détails de l'hôtel, ",3
Hôtel Océanic,"17 rue de la Pepiniere | 8th Arr., 75008 Paris, France",3,124,251,43,48,6,2,1,"Wi-Fi gratuit, Buffet petit déjeuner, Climatisation, Hôtel non-fumeur, Chambres familiales, Bar/lounge, Personnel multilingue, Tous les détails de l'hôtel, ",3
Hôtel Le Clos Medicis,"56 Rue Monsieur le Prince | 6th Arr., 75006 Paris, France",3,193,661,43,40,10,4,0,"Wi-Fi gratuit, Parking, Buffet petit déjeuner, Climatisation, Hôtel non-fumeur, Bar/lounge, Concierge, Tous les détails de l'hôtel, ",3
Hotel Mistral,"24 rue Cels | 14 Arr., 75014 Paris, France",3,239,1109,66,30,2,1,0,"Wi-Fi gratuit, Buffet petit déjeuner, Climatisation, Hôtel non-fumeur, Chambres familiales, Concierge, Nettoyage à sec, Tous les détails de l'hôtel, ",3
La Chambre du Marais,"87 rue des Archives, 75003 Paris, France",4,462,329,89,2,0,0,0,"Wi-Fi gratuit, Buffet petit déjeuner, Climatisation, Hôtel non-fumeur, Navette aéroport, Service d'étage, Suites, Tous les détails de l'hôtel, ",3
Hôtel Henriette,"9 Rue des Gobelins, 75013 Paris, France",3,229,924,73,23,2,1,0,"Wi-Fi gratuit, Buffet petit déjeuner, Climatisation, Hôtel non-fumeur, Suites, Concierge, Parking gratuit, Tous les détails de l'hôtel, ",3
Résidence du Pré,"15 Rue Pierre Semard, 75009 Paris, France",3,76,270,34,47,14,1,0,"Wi-Fi gratuit, Buffet petit déjeuner, Hôtel non-fumeur, Bar/lounge, Personnel multilingue, Parking gratuit, Piscine, Tous les détails de l'hôtel, ",1
Hotel du Champ de Mars,"7 rue du Champ de Mars, 75007 Paris, France",3,130,1221,59,31,6,2,0,"Wi-Fi gratuit, Parking, Petit déjeuner disponible, Climatisation, Hôtel non-fumeur, Chambres familiales, Concierge, Tous les détails de l'hôtel, ",3
Hotel Beaubourg,"11 rue Simon le Franc | 04 Arr., 75004 Paris, France",3,169,798,35,50,11,2,0,"Wi-Fi gratuit, Buffet petit déjeuner, Climatisation, Hôtel non-fumeur, Concierge, Chambres avec accès mobilité réduite, Nettoyage à sec, Tous les détails de l'hôtel, ",3
Hotel de Roubaix,"6 rue Greneta, 75003 Paris, France",2,124,759,35,42,15,4,0,"Wi-Fi gratuit, Buffet petit déjeuner, Hôtel non-fumeur, Chambres familiales, Concierge, Animaux autorisés, Parking gratuit, Tous les détails de l'hôtel, ",3
Hôtel Louison,"105 rue de Vaugirard | 6th Arr., 75006 Paris, France",3,224,1294,60,32,6,1,0,"Wi-Fi gratuit, Buffet petit déjeuner, Climatisation, Hôtel non-fumeur, Navette aéroport, Suites, Bar/lounge, Tous les détails de l'hôtel, ",3
Hôtel Mademoiselle,"7 rue des Petits Hôtels, 75010 Paris, France",4,235,1486,55,35,7,2,1,"Wi-Fi gratuit, Buffet petit déjeuner, Climatisation, Hôtel non-fumeur, Service d'étage, Suites, Concierge, Tous les détails de l'hôtel, ",3
Hôtel Berne Opéra,"37 rue de Berne, 75008 Paris, France",3,111,678,39,44,11,3,0,"Wi-Fi gratuit, Parking, Buffet petit déjeuner, Climatisation, Hôtel non-fumeur, Navette aéroport, Suites, Tous les détails de l'hôtel, ",2
Madison Hotel by MH,"143 Boulevard St Germain, 75006 Paris, France",4,369,996,68,25,4,2,1,"Wi-Fi gratuit, Buffet petit déjeuner, Climatisation, Hôtel non-fumeur, Service d'étage, Suites, Bar/lounge, Tous les détails de l'hôtel, ",3
Hotel d'Aubusson,"33 rue Dauphine | 06 Arr., 75006 Paris, France",5,495,1166,80,15,3,1,0,"Wi-Fi gratuit, Buffet petit déjeuner, Climatisation, Hôtel non-fumeur, Navette aéroport, Service d'étage, Suites, Tous les détails de l'hôtel, ",3
"Mandarin Oriental, Paris","251 Rue Saint-Honoré, 75001 Paris, France",5,1,1973,89,7,2,1,0,"Internet gratuit, Parking, Buffet petit déjeuner, Climatisation, Piscine, Chambres non-fumeurs, Restaurant, Tous les détails de l'hôtel, ",1
Sofitel Paris Le Faubourg,"15, rue Boissy d'Anglas, 75008 Paris, France",5,652,946,66,22,7,3,0,"Wi-Fi gratuit, Parking, Buffet petit déjeuner, Climatisation, Hôtel non-fumeur, Restaurant, Navette aéroport, Tous les détails de l'hôtel, ",3
Hôtel Scribe Paris Opéra by Sofitel,"1 rue Scribe, 75009 Paris, France",5,407,2309,56,30,9,3,2,"Wi-Fi gratuit, Parking, Buffet petit déjeuner, Climatisation, Jacuzzi, Hôtel non-fumeur, Restaurant, Tous les détails de l'hôtel, ",3
Hotel Brighton - Esprit de France,"218 rue de Rivoli | 01 Arr., 75001 Paris, France",4,510,2121,62,28,7,1,0,"Wi-Fi gratuit, Buffet petit déjeuner, Climatisation, Hôtel non-fumeur, Service d'étage, Suites, Bar/lounge, Tous les détails de l'hôtel, ",3
"Hôtel de Berri, A Luxury Collection Hotel, Paris","18-22, rue de Berri, 75008 Paris, France",5,531,208,95,2,0,1,0,"Wi-Fi gratuit, Parking, Petit déjeuner disponible, Climatisation, Hôtel non-fumeur, Restaurant, Navette aéroport, Tous les détails de l'hôtel, ",3
Hôtel HOR,"160 Rue La Fayette, 75010 Paris, France",4,230,686,59,33,6,1,0,"Wi-Fi gratuit, Buffet petit déjeuner, Climatisation, Hôtel non-fumeur, Service d'étage, Chambres familiales, Bar/lounge, Tous les détails de l'hôtel, ",3
Hôtel Alhambra,"13 Rue de Malte, 75011 Paris, France",3,170,718,35,46,8,4,7,"Wi-Fi gratuit, Buffet petit déjeuner, Climatisation, Hôtel non-fumeur, Personnel multilingue, Parking gratuit, Piscine, Tous les détails de l'hôtel, ",3
Hôtel Eden Opéra,"35 rue Jean Baptiste Pigalle | 09 Arr., 75009 Paris, France",3,123,393,39,37,15,4,0,"Wi-Fi gratuit, Buffet petit déjeuner, Climatisation, Hôtel non-fumeur, Navette aéroport, Bar/lounge, Concierge, Tous les détails de l'hôtel, ",3
Hotel Gabriel Paris,"25 rue du grand Prieure, 75011 Paris, France",4,155,917,51,36,8,3,2,"Wi-Fi gratuit, Buffet petit déjeuner, Climatisation, Hôtel non-fumeur, Concierge, Chambres avec accès mobilité réduite, Nettoyage à sec, Tous les détails de l'hôtel, ",3
Hotel Albe Bastille,"66 rue de Charenton | 12 Arr., 75012 Paris, France",3,127,507,46,42,8,0,0,"Wi-Fi gratuit, Buffet petit déjeuner, Climatisation, Hôtel non-fumeur, Navette aéroport, Suites, Bar/lounge, Tous les détails de l'hôtel, ",3
Hôtel Splendid Étoile,"1, avenue Carnot, 75017 Paris, France",4,186,1535,70,24,1,0,0,"Wi-Fi gratuit, Buffet petit déjeuner, Climatisation, Hôtel non-fumeur, Restaurant, Service d'étage, Suites, Tous les détails de l'hôtel, ",3
Hotel Georgette,"36 rue du Grenier Saint Lazare, 75003 Paris, France",4,226,828,70,25,3,1,0,"Wi-Fi gratuit, Parking, Buffet petit déjeuner, Climatisation, Hôtel non-fumeur, Suites, Concierge, Tous les détails de l'hôtel, ",3
Best Western Premier Ducs de Bourgogne,"19 Rue Du Pont Neuf | 1st Arr., 75001 Paris, France",4,271,100,72,24,3,1,0,"Wi-Fi gratuit, Buffet petit déjeuner, Climatisation, Hôtel non-fumeur, Navette aéroport, Service d'étage, Concierge, Tous les détails de l'hôtel, ",3
Hotel Armoni,"7 Villa Berthier | 17th Arr., 75017 Paris, France",3,119,701,54,33,9,2,0,"Wi-Fi gratuit, Buffet petit déjeuner, Climatisation, Hôtel non-fumeur, Navette aéroport, Bar/lounge, Concierge, Tous les détails de l'hôtel, ",2
Hotel Marceau Champs Elysees,"37 avenue Marceau, 75116 Paris, France",3,204,506,52,36,8,0,0,"Wi-Fi gratuit, Buffet petit déjeuner, Climatisation, Hôtel non-fumeur, Concierge, Nettoyage à sec, Parking gratuit, Tous les détails de l'hôtel, ",3
Hotel Elysees Union,"44 rue de l Amiral Hamelin | 16 Arr., 75116 Paris, France",3,181,1314,36,45,14,3,2,"Wi-Fi gratuit, Buffet petit déjeuner, Climatisation, Hôtel non-fumeur, Suites, Bar/lounge, Concierge, Tous les détails de l'hôtel, ",3
Majestic Hotel Spa Paris,"30 rue la Perouse, 75116 Paris, France",5,284,340,63,19,8,6,4,"Wi-Fi gratuit, Buffet petit déjeuner, Climatisation, Piscine, Chambres non-fumeurs, Restaurant, Navette aéroport, Tous les détails de l'hôtel, ",3
Le General Hotel,"5 rue Rampon, 75011 Paris, France",4,242,508,71,24,3,0,0,"Wi-Fi gratuit, Buffet petit déjeuner, Climatisation, Hôtel non-fumeur, Service d'étage, Suites, Bar/lounge, Tous les détails de l'hôtel, ",3
Hotel Delambre,"35 rue Delambre | 14 Arr., 75014 Paris, France",3,158,284,41,50,7,0,0,"Wi-Fi gratuit, Buffet petit déjeuner, Climatisation, Hôtel non-fumeur, Chambres familiales, Personnel multilingue, Accès personnes handicapés, Tous les détails de l'hôtel, ",3
Villa Beaumarchais,"5 Rue des Arquebusiers, 75003 Paris, France",4,269,928,32,41,16,5,0,"Wi-Fi gratuit, Buffet petit déjeuner, Climatisation, Hôtel non-fumeur, Service d'étage, Suites, Bar/lounge, Tous les détails de l'hôtel, ",3
Hotel Motte Picquet,"30 avenue de la Motte Picquet | 7th Arr., 75007 Paris, France",3,140,1042,66,28,4,1,0,"Wi-Fi gratuit, Buffet petit déjeuner, Climatisation, Hôtel non-fumeur, Navette aéroport, Suites, Concierge, Tous les détails de l'hôtel, ",3
Hotel du Levant,"18 rue de la Harpe, 75005 Paris, France",3,190,1354,55,37,6,1,0,"Wi-Fi gratuit, Petit déjeuner inclus, Climatisation, Concierge, Chambres avec accès mobilité réduite, Parking gratuit, Piscine, Tous les détails de l'hôtel, ",3
Hotel Saint-Louis Pigalle,"6 rue Fromentin, 75009 Paris, France",3,156,126,58,37,2,0,3,"Wi-Fi gratuit, Buffet petit déjeuner, Climatisation, Hôtel non-fumeur, Navette aéroport, Chambres familiales, Concierge, Tous les détails de l'hôtel, ",3
Hôtel Le Six,"14, rue Stanislas, 75006 Paris, France",4,429,2113,78,18,2,1,0,"Wi-Fi gratuit, Buffet petit déjeuner, Climatisation, Hôtel non-fumeur, Service d'étage, Suites, Bar/lounge, Tous les détails de l'hôtel, ",3
Hôtel du Prince Eugene,"247 Boulevard Voltaire, 75011 Paris, France",3,125,1405,56,37,5,1,0,"Wi-Fi gratuit, Buffet petit déjeuner, Climatisation, Hôtel non-fumeur, Concierge, Accès personnes handicapés, Parking gratuit, Tous les détails de l'hôtel, ",3
Hôtel Molière,"21, rue Molière | 01 Arr., 75001 Paris, France",4,330,432,80,15,3,1,0,"Wi-Fi gratuit, Buffet petit déjeuner, Climatisation, Chambres non-fumeurs, Navette aéroport, Service d'étage, Suites, Tous les détails de l'hôtel, ",3
Hôtel Plaza Athénée,"25 Avenue Montaigne, 75008 Paris, France",5,1,840,85,10,2,1,0,"Wi-Fi gratuit, Parking, Buffet petit déjeuner, Climatisation, Jacuzzi, Chambres non-fumeurs, Restaurant, Tous les détails de l'hôtel, ",1
Maison Albar Hotel Paris Céline,"23/25 Rue du Pont-Neuf | 1er arrondissement, 75001 Paris, France",5,408,306,69,15,8,3,0,"Wi-Fi gratuit, Parking, Buffet petit déjeuner, Climatisation, Piscine, Hôtel non-fumeur, Restaurant, Tous les détails de l'hôtel, ",3
InterContinental Paris Le Grand,"2 Rue Scribe, 75009 Paris, France",5,400,3258,57,26,10,4,3,"Internet gratuit, Parking, Buffet petit déjeuner, Climatisation, Hôtel non-fumeur, Restaurant, Navette aéroport, Tous les détails de l'hôtel, ",3
Grand Hôtel des Balcons,"3 rue Casimir Delavigne | 6th Arr., 75006 Paris, France",2,137,726,42,47,8,1,0,"Wi-Fi gratuit, Buffet petit déjeuner, Hôtel non-fumeur, Chambres familiales, Concierge, Service de ménage, Parking gratuit, Tous les détails de l'hôtel, ",3
Emeraude Hotel D'Espagne,"9 Cite Bergere | 09 Arr., 75009 Paris, France",3,222,445,41,46,9,2,0,"Wi-Fi gratuit, Parking, Buffet petit déjeuner, Hôtel non-fumeur, Concierge, Accès personnes handicapés, Service de ménage, Tous les détails de l'hôtel, ",3
Hotel Gustave,"34 rue Viala, 75015 Paris, France",4,175,267,61,30,6,2,0,"Wi-Fi gratuit, Buffet petit déjeuner, Climatisation, Hôtel non-fumeur, Service d'étage, Bar/lounge, Concierge, Tous les détails de l'hôtel, ",3
Hôtel Floride Etoile,"14, rue Saint Didier | 16eme Arr, 75116 Paris, France",3,143,575,39,43,13,2,0,"Wi-Fi gratuit, Buffet petit déjeuner, Climatisation, Hôtel non-fumeur, Navette aéroport, Service d'étage, Bar/lounge, Tous les détails de l'hôtel, ",3
Grand Hotel Saint-Michel,"19 rue Cujas | 5th Arr., 75005 Paris, France",4,196,1134,57,34,6,2,1,"Wi-Fi gratuit, Buffet petit déjeuner, Climatisation, Hôtel non-fumeur, Service d'étage, Suites, Centre de remise en forme, Tous les détails de l'hôtel, ",3
Hotel Duo,"11, rue du Temple, 75004 Paris, France",4,288,808,44,41,8,3,0,"Wi-Fi gratuit, Climatisation, Hôtel non-fumeur, Suites, Bar/lounge, Centre de remise en forme, Concierge, Tous les détails de l'hôtel, ",3
Hotel Odyssey by Elegancia,"19 rue Herold, 75001 Paris, France",3,251,708,58,33,6,2,1,"Wi-Fi gratuit, Buffet petit déjeuner, Climatisation, Hôtel non-fumeur, Navette aéroport, Bar/lounge, Concierge, Tous les détails de l'hôtel, ",3
Idol Hotel,"16 rue d'Edimbourg, 75008 Paris, France",4,232,517,77,18,3,1,0,"Wi-Fi gratuit, Buffet petit déjeuner, Climatisation, Hôtel non-fumeur, Service d'étage, Suites, Bar/lounge, Tous les détails de l'hôtel, ",3
Hôtel Yllen Eiffel,"196 rue de Vaugirard, 75015 Paris, France",3,133,456,60,32,6,1,0,"Wi-Fi gratuit, Buffet petit déjeuner, Climatisation, Hôtel non-fumeur, Service d'étage, Suites, Concierge, Tous les détails de l'hôtel, ",3
Odéon Hôtel,"3, Rue de l'Odéon, 75006 Paris, France",3,134,765,50,33,10,5,2,"Wi-Fi gratuit, Buffet petit déjeuner, Climatisation, Hôtel non-fumeur, Navette aéroport, Concierge, Nettoyage à sec, Tous les détails de l'hôtel, ",3
Villa Brunel,"46 rue Brunel, 75017 Paris, France",3,261,352,32,45,13,7,0,"Wi-Fi gratuit, Buffet petit déjeuner, Climatisation, Hôtel non-fumeur, Concierge, Chambres avec accès mobilité réduite, Nettoyage à sec, Tous les détails de l'hôtel, ",3
Hôtel Tourisme Avenue ,"66 Avenue de la Motte-Picquet, 75015 Paris, France",3,173,1223,53,38,7,1,0,"Wi-Fi gratuit, Buffet petit déjeuner, Climatisation, Hôtel non-fumeur, Navette aéroport, Suites, Concierge, Tous les détails de l'hôtel, ",3
Hotel le Notre Dame,"1 quai Saint-Michel | 5th Arr., 75005 Paris, France",3,238,1105,55,33,10,1,0,"Wi-Fi gratuit, Climatisation, Hôtel non-fumeur, Bar/lounge, Concierge, Service de ménage, Parking gratuit, Tous les détails de l'hôtel, ",3
Hotel Vivienne,"40 rue Vivienne, 75002 Paris, France",2,90,584,33,48,12,5,0,"Wi-Fi gratuit, Buffet petit déjeuner, Hôtel non-fumeur, Chambres familiales, Parking gratuit, Climatisation, Piscine, Tous les détails de l'hôtel, ",2
Timhotel Opera Blanche Fontaine,"34 Rue Pierre Fontaine, 75009 Paris, France",4,150,678,43,40,9,4,0,"Wi-Fi gratuit, Parking, Buffet petit déjeuner, Climatisation, Hôtel non-fumeur, Service d'étage, Suites, Tous les détails de l'hôtel, ",3
Hotel Basss,"57 rue des Abbesses | 18th Arr., 75018 Paris, France",3,102,769,38,41,15,4,2,"Wi-Fi gratuit, Buffet petit déjeuner, Climatisation, Hôtel non-fumeur, Personnel multilingue, Accès personnes handicapés, Parking gratuit, Tous les détails de l'hôtel, ",2
Legend Hotel by Elegancia,"151 bis Rue de Rennes, 75006 Paris, France",4,161,1287,70,24,1,0,0,"Wi-Fi gratuit, Parking, Buffet petit déjeuner, Climatisation, Hôtel non-fumeur, Navette aéroport, Service d'étage, Tous les détails de l'hôtel, ",3
Le Relais Saint Charles,"72 boulevard de Grenelle, 75015 Paris, France",3,139,388,37,48,11,2,0,"Wi-Fi gratuit, Buffet petit déjeuner, Climatisation, Chambres non-fumeurs, Concierge, Accès personnes handicapés, Nettoyage à sec, Tous les détails de l'hôtel, ",3
Hotel Elixir,"7 rue Jean Lantier | 1st Arr., 75001 Paris, France",3,198,648,33,42,15,6,4,"Wi-Fi gratuit, Buffet petit déjeuner, Climatisation, Hôtel non-fumeur, Suites, Concierge, Accès personnes handicapés, Tous les détails de l'hôtel, ",3
Hotel Passy Eiffel,"10 rue de Passy, 75016 Paris, France",3,191,791,49,41,8,0,0,"Wi-Fi gratuit, Parking, Buffet petit déjeuner, Climatisation, Hôtel non-fumeur, Suites, Concierge, Tous les détails de l'hôtel, ",3
Hotel Quartier Latin,"9 rue des Ecoles, 75005 Paris, France",3,104,508,37,49,3,2,0,"Wi-Fi gratuit, Buffet petit déjeuner, Climatisation, Hôtel non-fumeur, Concierge, Parking gratuit, Piscine, Tous les détails de l'hôtel, ",2
Lyric Hotel Paris,"2, Rue de Gramont, 75002 Paris, France",4,343,956,63,29,6,1,0,"Wi-Fi gratuit, Buffet petit déjeuner, Climatisation, Piscine, Hôtel non-fumeur, Service d'étage, Centre de remise en forme, Tous les détails de l'hôtel, ",3
Hôtel Princesse Caroline,"1 bis rue Troyon, 75017 Paris, France",3,111,400,47,42,8,1,0,"Wi-Fi gratuit, Buffet petit déjeuner, Climatisation, Hôtel non-fumeur, Service d'étage, Bar/lounge, Centre de remise en forme, Tous les détails de l'hôtel, ",2
Hotel de la Cité Rougemont,"4, cité Rougemont | 9e Arr., 75009 Paris, France",2,114,659,40,45,12,1,0,"Wi-Fi gratuit, Parking, Buffet petit déjeuner, Service de ménage, Climatisation, Piscine, Hôtel non-fumeur, Tous les détails de l'hôtel, ",2
BEST WESTERN Paris Louvre Opera,"4 Rue Des Moulins, 75001 Paris, France",3,285,807,43,42,11,0,0,"Wi-Fi gratuit, Buffet petit déjeuner, Climatisation, Hôtel non-fumeur, Navette aéroport, Concierge, Accès personnes handicapés, Tous les détails de l'hôtel, ",3
Hotel Caron,"3 rue Caron | 04 Arr., 75004 Paris, France",3,269,443,55,35,3,2,0,"Wi-Fi gratuit, Buffet petit déjeuner, Climatisation, Hôtel non-fumeur, Personnel multilingue, Accès personnes handicapés, Nettoyage à sec, Tous les détails de l'hôtel, ",3
La Clef Tour Eiffel Paris,"83 avenue Kleber | 16 Arr., 75116 Paris, France",5,297,392,69,21,4,3,0,"Wi-Fi gratuit, Buffet petit déjeuner, Climatisation, Hôtel non-fumeur, Service d'étage, Suites, Centre de remise en forme, Tous les détails de l'hôtel, ",3
Hotel L'Echiquier Opéra Paris MGallery by Sofitel,"38 rue de l Echiquier | 10 Arr., 75010 Paris, France",4,266,828,72,23,1,0,0,"Wi-Fi gratuit, Buffet petit déjeuner, Climatisation, Hôtel non-fumeur, Navette aéroport, Service d'étage, Suites, Tous les détails de l'hôtel, ",3
Saint James Paris,"5 place du Chancelier Adenauer, 75116 Paris, France",4,579,1385,84,11,3,0,0,"Wi-Fi gratuit, Parking gratuit, Buffet petit déjeuner, Climatisation, Hôtel non-fumeur, Restaurant, Service d'étage, Tous les détails de l'hôtel, ",3
Select Hôtel,"1 Place de la Sorbonne, 75005 Paris, France",4,170,1270,41,42,12,3,0,"Wi-Fi gratuit, Buffet petit déjeuner, Climatisation, Hôtel non-fumeur, Suites, Bar/lounge, Personnel multilingue, Tous les détails de l'hôtel, ",3
Hôtel Le Marianne,"11 Rue Paul Baudry, 75008 Paris, France",4,330,408,73,22,1,0,0,"Wi-Fi gratuit, Buffet petit déjeuner, Climatisation, Hôtel non-fumeur, Service d'étage, Bar/lounge, Centre de remise en forme, Tous les détails de l'hôtel, ",3
Zazie Hôtel,"3 rue de Chaligny | 12 Arr., 75012 Paris, France",2,77,458,31,52,12,3,0,"Wi-Fi gratuit, Parking, Buffet petit déjeuner, Hôtel non-fumeur, Concierge, Service de ménage, Piscine, Tous les détails de l'hôtel, ",1
Le Meurice,"228 rue de Rivoli, 75001 Paris, France",5,1,1291,80,13,4,2,1,"Internet gratuit, Climatisation, Hôtel non-fumeur, Restaurant, Navette aéroport, Service d'étage, Suites, Tous les détails de l'hôtel, ",1
Le Pavillon de la Reine,"28 Place des Vosges, 75003 Paris, France",5,610,965,78,15,1,0,0,"Wi-Fi gratuit, Buffet petit déjeuner, Climatisation, Hôtel non-fumeur, Navette aéroport, Service d'étage, Suites, Tous les détails de l'hôtel, ",3
Shangri-La Hotel Paris,"10 Avenue d'Iéna, 75116 Paris, France",5,1,1571,84,10,1,0,0,"Wi-Fi gratuit, Parking, Buffet petit déjeuner, Climatisation, Piscine, Hôtel non-fumeur, Restaurant, Tous les détails de l'hôtel, ",1
Le Royal Monceau-Raffles Paris,"37 Avenue Hoche, 75008 Paris, France",5,1,1457,84,11,3,0,0,"Wi-Fi gratuit, Buffet petit déjeuner, Climatisation, Piscine, Hôtel non-fumeur, Restaurant, Service d'étage, Tous les détails de l'hôtel, ",1
Maison FL,"6 rue de la Tour, 75116 Paris, France",4,166,376,63,29,5,1,2,"Wi-Fi gratuit, Buffet petit déjeuner, Climatisation, Hôtel non-fumeur, Restaurant, Navette aéroport, Service d'étage, Tous les détails de l'hôtel, ",3
Hôtel Champerret Elysées,"129 Avenue de Villiers | 17th Arr., 75017 Paris, France",3,100,370,35,53,10,1,0,"Wi-Fi gratuit, Buffet petit déjeuner, Climatisation, Hôtel non-fumeur, Navette aéroport, Chambres familiales, Personnel multilingue, Tous les détails de l'hôtel, ",2
Auberge Flora,"44 boulevard Richard Lenoir, 75011 Paris, France",3,146,358,33,48,12,5,0,"Wi-Fi gratuit, Climatisation, Hôtel non-fumeur, Restaurant, Suites, Concierge, Animaux autorisés, Tous les détails de l'hôtel, ",3
Hotel Beauchamps,"24 Rue de Ponthieu | Champs-Elysées, 75008 Paris, France",4,261,398,46,33,11,4,0,"Wi-Fi gratuit, Parking, Buffet petit déjeuner, Chambres non-fumeurs, Service d'étage, Concierge, Nettoyage à sec, Tous les détails de l'hôtel, ",3
Hôtel Scarlett,"1 Rue Jouye Rouve, 75020 Paris, France",3,141,355,66,26,5,2,1,"Wi-Fi gratuit, Buffet petit déjeuner, Climatisation, Hôtel non-fumeur, Bar/lounge, Concierge, Animaux autorisés, Tous les détails de l'hôtel, ",3
Novotel Suites Paris Expo Porte de Versailles,"4 Boulevard Brune, 75014 Paris, France",4,221,369,48,40,6,3,0,"Wi-Fi gratuit, Buffet petit déjeuner, Climatisation, Hôtel non-fumeur, Suites, Bar/lounge, Centre de remise en forme, Tous les détails de l'hôtel, ",3
Hôtel Paris Bastille Boutet - MGallery,"22 24 Rue Faidherbe, 75011 Paris, France",5,270,562,64,25,8,2,1,"Wi-Fi gratuit, Parking, Buffet petit déjeuner, Climatisation, Piscine, Hôtel non-fumeur, Service d'étage, Tous les détails de l'hôtel, ",3
Hôtel Albe Saint Michel,"1 Rue de la Harpe | 05 Arr., 75005 Paris, France",3,285,1411,51,40,6,2,0,"Wi-Fi gratuit, Buffet petit déjeuner, Climatisation, Hôtel non-fumeur, Concierge, Chambres avec accès mobilité réduite, Nettoyage à sec, Tous les détails de l'hôtel, ",3
Hôtel Yllen Eiffel,"196 rue de Vaugirard, 75015 Paris, France",3,133,456,60,32,6,1,0,"Wi-Fi gratuit, Buffet petit déjeuner, Climatisation, Hôtel non-fumeur, Service d'étage, Suites, Concierge, Tous les détails de l'hôtel, ",3
Hotel La Bourdonnais,"111 Avenue de la Bourdonnais, 75007 Paris, France",4,212,784,70,23,5,1,0,"Wi-Fi gratuit, Buffet petit déjeuner, Climatisation, Hôtel non-fumeur, Service d'étage, Chambres familiales, Bar/lounge, Tous les détails de l'hôtel, ",3
Drawing Hotel,"17 rue de Richelieu, 75001 Paris, France",4,368,122,70,20,7,2,1,"Wi-Fi gratuit, Parking, Buffet petit déjeuner, Climatisation, Hôtel non-fumeur, Service d'étage, Suites, Tous les détails de l'hôtel, ",3
Hôtel Observatoire Luxembourg,"107, boulevard Saint-Michel, 75005 Paris, France",4,219,1112,63,32,1,0,0,"Wi-Fi gratuit, Buffet petit déjeuner, Climatisation, Hôtel non-fumeur, Restaurant, Navette aéroport, Concierge, Tous les détails de l'hôtel, ",3
Hotel Verneuil Saint-Germain,"8 rue de Verneuil, 75007 Paris, France",4,323,856,72,20,6,1,0,"Wi-Fi gratuit, Buffet petit déjeuner, Climatisation, Hôtel non-fumeur, Navette aéroport, Bar/lounge, Concierge, Tous les détails de l'hôtel, ",3
Hotel Elixir,"7 rue Jean Lantier | 1st Arr., 75001 Paris, France",3,198,648,33,42,15,6,4,"Wi-Fi gratuit, Buffet petit déjeuner, Climatisation, Hôtel non-fumeur, Suites, Concierge, Accès personnes handicapés, Tous les détails de l'hôtel, ",3
Hôtel Les Jardins de la Villa,"5 Rue Belidor, 75017 Paris, France",4,231,1593,70,25,3,1,0,"Wi-Fi gratuit, Buffet petit déjeuner, Climatisation, Hôtel non-fumeur, Service d'étage, Suites, Bar/lounge, Tous les détails de l'hôtel, ",3
Hôtel Château Frontenac,"54 rue Pierre Charron, 75008 Paris, France",4,314,874,53,35,8,2,0,"Wi-Fi gratuit, Buffet petit déjeuner, Climatisation, Hôtel non-fumeur, Service d'étage, Suites, Concierge, Tous les détails de l'hôtel, ",3
Hôtel Park Lane Paris,"4 Rue la Boétie, 75008 Paris, France",4,160,277,60,30,8,1,0,"Wi-Fi gratuit, Buffet petit déjeuner, Climatisation, Hôtel non-fumeur, Service d'étage, Suites, Centre de remise en forme, Tous les détails de l'hôtel, ",3
Hotel Montfleuri,"21 avenue de la Grande Armee, 75116 Paris, France",4,196,347,41,40,12,3,4,"Wi-Fi gratuit, Buffet petit déjeuner, Climatisation, Hôtel non-fumeur, Service d'étage, Suites, Bar/lounge, Tous les détails de l'hôtel, ",3
Hôtel Floride Etoile,"14, rue Saint Didier | 16eme Arr, 75116 Paris, France",3,143,575,39,43,13,2,0,"Wi-Fi gratuit, Buffet petit déjeuner, Climatisation, Hôtel non-fumeur, Navette aéroport, Service d'étage, Bar/lounge, Tous les détails de l'hôtel, ",3
Victoria Palace,"6 Rue Blaise Desgoffe, 75006 Paris, France",5,305,711,69,23,5,1,2,"Wi-Fi gratuit, Parking, Buffet petit déjeuner, Climatisation, Hôtel non-fumeur, Service d'étage, Suites, Tous les détails de l'hôtel, ",3
Les Tournelles,"30 rue de Turenne, 75003 Paris, France",3,321,369,74,20,1,0,0,"Wi-Fi gratuit, Petit déjeuner disponible, Climatisation, Hôtel non-fumeur, Bar/lounge, Concierge, Accès personnes handicapés, Tous les détails de l'hôtel, ",3
Lyric Hotel Paris,"2, Rue de Gramont, 75002 Paris, France",4,343,956,63,29,6,1,0,"Wi-Fi gratuit, Buffet petit déjeuner, Climatisation, Piscine, Hôtel non-fumeur, Service d'étage, Centre de remise en forme, Tous les détails de l'hôtel, ",3
My Home in Paris Hotel,"5 rue de Malte, 75011 Paris, France",4,320,123,75,20,2,1,0,"Wi-Fi gratuit, Buffet petit déjeuner, Climatisation, Hôtel non-fumeur, Concierge, Accès personnes handicapés, Nettoyage à sec, Tous les détails de l'hôtel, ",3
Citadines Tour Eiffel Paris,"132 boulevard de Grenelle | 15th Arr., 75015 Paris, France",4,346,341,55,32,7,3,0,"Wi-Fi gratuit, Parking, Petit déjeuner disponible, Climatisation, Hôtel non-fumeur, Suites, Kitchenette, Tous les détails de l'hôtel, ",3
Le Relais Montmartre,"6 rue Constance, 75018 Paris, France",4,134,1143,69,27,2,1,0,"Wi-Fi gratuit, Buffet petit déjeuner, Climatisation, Hôtel non-fumeur, Chambres familiales, Concierge, Accès personnes handicapés, Tous les détails de l'hôtel, ",3
Hotel Relais Bosquet Paris,"19 rue du Champ de Mars, 75007 Paris, France",3,199,2387,69,25,4,1,0,"Wi-Fi gratuit, Buffet petit déjeuner, Climatisation, Hôtel non-fumeur, Navette aéroport, Concierge, Animaux autorisés, Tous les détails de l'hôtel, ",3
Hôtel Régina Louvre,"2 Place des Pyramides, 75001 Paris, France",5,487,1282,65,22,7,3,0,"Wi-Fi gratuit, Parking, Buffet petit déjeuner, Climatisation, Hôtel non-fumeur, Restaurant, Navette aéroport, Tous les détails de l'hôtel, ",3
Nolinski Paris,"16 avenue de l Opera, 75001 Paris, France",5,1,208,78,15,4,1,2,"Wi-Fi gratuit, Petit déjeuner disponible, Climatisation, Piscine, Hôtel non-fumeur, Restaurant, Service d'étage, Tous les détails de l'hôtel, ",1
Hotel Lumen Paris Louvre,"15 Rue des Pyramides | 1st Arr., 75001 Paris, France",4,460,796,43,40,12,0,0,"Wi-Fi gratuit, Buffet petit déjeuner, Climatisation, Hôtel non-fumeur, Restaurant, Service d'étage, Suites, Tous les détails de l'hôtel, ",3
Relais Christine,"3 Rue Christine, 75006 Paris, France",5,874,1065,77,15,2,1,0,"Wi-Fi gratuit, Parking, Buffet petit déjeuner, Climatisation, Jacuzzi, Chambres non-fumeurs, Service d'étage, Tous les détails de l'hôtel, ",3
180,1954,49,42,7,1,0,3,3
80,852,69,25,4,1,0,2,2
187,2158,29,51,15,4,0,4,3
106,1288,36,46,12,3,0,3,2
178,873,50,42,6,1,0,3,3
104,520,35,51,11,2,0,3,2
190,3258,31,50,13,0,0,4,3
177,576,80,15,3,1,0,4,3
68,190,35,46,15,2,0,0,1
123,1452,58,29,7,3,0,4,3
260,1335,63,22,9,4,0,5,3
378,2876,50,29,11,5,0,4,3
157,3102,59,33,5,1,2,3,3
